Day,Hour,Bin Number,Fill Level
1,0,1,66
1,0,2,97
1,0,3,26
1,0,4,95
1,0,5,89
1,0,6,78
1,0,7,7
1,0,8,61
1,0,9,64
1,0,10,40
1,0,11,53
1,0,12,36
1,0,13,67
1,0,14,40
1,0,15,15
1,0,16,60
1,0,17,43
1,0,18,87
1,0,19,58
1,0,20,83
1,0,21,53
1,0,22,42
1,0,23,54
1,0,24,61
1,0,25,35
1,0,26,9
1,0,27,86
1,0,28,79
1,0,29,32
1,0,30,46
1,0,31,70
1,0,32,98
1,0,33,8
1,0,34,62
1,0,35,59
1,0,36,98
1,0,37,5
1,0,38,66
1,0,39,58
1,0,40,35
1,0,41,73
1,0,42,77
1,0,43,37
1,0,44,39
1,0,45,16
1,0,46,52
1,0,47,65
1,0,48,59
1,0,49,39
1,0,50,22
1,1,1,8
1,1,2,58
1,1,3,64
1,1,4,62
1,1,5,18
1,1,6,65
1,1,7,38
1,1,8,3
1,1,9,9
1,1,10,70
1,1,11,15
1,1,12,79
1,1,13,34
1,1,14,91
1,1,15,6
1,1,16,93
1,1,17,88
1,1,18,79
1,1,19,58
1,1,20,11
1,1,21,13
1,1,22,97
1,1,23,54
1,1,24,51
1,1,25,35
1,1,26,71
1,1,27,2
1,1,28,100
1,1,29,96
1,1,30,7
1,1,31,88
1,1,32,70
1,1,33,66
1,1,34,17
1,1,35,32
1,1,36,50
1,1,37,83
1,1,38,36
1,1,39,54
1,1,40,92
1,1,41,5
1,1,42,35
1,1,43,37
1,1,44,5
1,1,45,25
1,1,46,9
1,1,47,98
1,1,48,79
1,1,49,88
1,1,50,22
1,2,1,90
1,2,2,68
1,2,3,18
1,2,4,44
1,2,5,18
1,2,6,20
1,2,7,81
1,2,8,87
1,2,9,86
1,2,10,42
1,2,11,95
1,2,12,74
1,2,13,12
1,2,14,26
1,2,15,91
1,2,16,44
1,2,17,76
1,2,18,39
1,2,19,80
1,2,20,96
1,2,21,31
1,2,22,51
1,2,23,31
1,2,24,34
1,2,25,57
1,2,26,56
1,2,27,43
1,2,28,20
1,2,29,35
1,2,30,98
1,2,31,42
1,2,32,91
1,2,33,65
1,2,34,61
1,2,35,0
1,2,36,49
1,2,37,47
1,2,38,47
1,2,39,35
1,2,40,32
1,2,41,90
1,2,42,96
1,2,43,5
1,2,44,1
1,2,45,21
1,2,46,63
1,2,47,11
1,2,48,98
1,2,49,1
1,2,50,57
1,3,1,59
1,3,2,99
1,3,3,7
1,3,4,90
1,3,5,32
1,3,6,30
1,3,7,12
1,3,8,76
1,3,9,51
1,3,10,13
1,3,11,73
1,3,12,59
1,3,13,70
1,3,14,37
1,3,15,86
1,3,16,71
1,3,17,86
1,3,18,32
1,3,19,17
1,3,20,87
1,3,21,65
1,3,22,6
1,3,23,83
1,3,24,36
1,3,25,74
1,3,26,3
1,3,27,65
1,3,28,85
1,3,29,67
1,3,30,67
1,3,31,41
1,3,32,26
1,3,33,65
1,3,34,15
1,3,35,82
1,3,36,64
1,3,37,11
1,3,38,94
1,3,39,39
1,3,40,62
1,3,41,73
1,3,42,78
1,3,43,88
1,3,44,43
1,3,45,81
1,3,46,73
1,3,47,80
1,3,48,32
1,3,49,5
1,3,50,97
1,4,1,18
1,4,2,36
1,4,3,70
1,4,4,67
1,4,5,38
1,4,6,43
1,4,7,37
1,4,8,3
1,4,9,95
1,4,10,70
1,4,11,36
1,4,12,1
1,4,13,96
1,4,14,67
1,4,15,16
1,4,16,44
1,4,17,30
1,4,18,28
1,4,19,37
1,4,20,35
1,4,21,56
1,4,22,77
1,4,23,12
1,4,24,43
1,4,25,86
1,4,26,59
1,4,27,16
1,4,28,65
1,4,29,91
1,4,30,88
1,4,31,27
1,4,32,76
1,4,33,90
1,4,34,97
1,4,35,42
1,4,36,27
1,4,37,6
1,4,38,45
1,4,39,97
1,4,40,67
1,4,41,15
1,4,42,32
1,4,43,68
1,4,44,77
1,4,45,66
1,4,46,85
1,4,47,20
1,4,48,96
1,4,49,79
1,4,50,24
1,5,1,98
1,5,2,34
1,5,3,0
1,5,4,76
1,5,5,44
1,5,6,86
1,5,7,35
1,5,8,26
1,5,9,50
1,5,10,92
1,5,11,13
1,5,12,43
1,5,13,67
1,5,14,2
1,5,15,40
1,5,16,76
1,5,17,96
1,5,18,12
1,5,19,87
1,5,20,93
1,5,21,45
1,5,22,1
1,5,23,91
1,5,24,12
1,5,25,79
1,5,26,56
1,5,27,63
1,5,28,99
1,5,29,18
1,5,30,41
1,5,31,89
1,5,32,15
1,5,33,42
1,5,34,89
1,5,35,57
1,5,36,52
1,5,37,40
1,5,38,92
1,5,39,78
1,5,40,56
1,5,41,50
1,5,42,91
1,5,43,100
1,5,44,83
1,5,45,59
1,5,46,5
1,5,47,58
1,5,48,20
1,5,49,84
1,5,50,45
1,6,1,79
1,6,2,28
1,6,3,12
1,6,4,36
1,6,5,6
1,6,6,91
1,6,7,92
1,6,8,70
1,6,9,56
1,6,10,76
1,6,11,77
1,6,12,44
1,6,13,57
1,6,14,85
1,6,15,100
1,6,16,14
1,6,17,36
1,6,18,5
1,6,19,72
1,6,20,13
1,6,21,62
1,6,22,21
1,6,23,70
1,6,24,27
1,6,25,4
1,6,26,95
1,6,27,32
1,6,28,28
1,6,29,15
1,6,30,15
1,6,31,39
1,6,32,60
1,6,33,9
1,6,34,52
1,6,35,96
1,6,36,15
1,6,37,8
1,6,38,54
1,6,39,85
1,6,40,30
1,6,41,29
1,6,42,28
1,6,43,41
1,6,44,53
1,6,45,12
1,6,46,40
1,6,47,67
1,6,48,15
1,6,49,45
1,6,50,4
1,7,1,28
1,7,2,73
1,7,3,26
1,7,4,65
1,7,5,100
1,7,6,97
1,7,7,59
1,7,8,98
1,7,9,24
1,7,10,74
1,7,11,12
1,7,12,64
1,7,13,34
1,7,14,88
1,7,15,82
1,7,16,29
1,7,17,3
1,7,18,90
1,7,19,49
1,7,20,54
1,7,21,87
1,7,22,79
1,7,23,82
1,7,24,27
1,7,25,31
1,7,26,61
1,7,27,33
1,7,28,64
1,7,29,76
1,7,30,44
1,7,31,68
1,7,32,70
1,7,33,17
1,7,34,60
1,7,35,34
1,7,36,83
1,7,37,56
1,7,38,94
1,7,39,81
1,7,40,47
1,7,41,33
1,7,42,59
1,7,43,10
1,7,44,33
1,7,45,47
1,7,46,58
1,7,47,63
1,7,48,50
1,7,49,13
1,7,50,11
1,8,1,70
1,8,2,100
1,8,3,56
1,8,4,18
1,8,5,93
1,8,6,53
1,8,7,79
1,8,8,25
1,8,9,83
1,8,10,20
1,8,11,70
1,8,12,17
1,8,13,56
1,8,14,53
1,8,15,77
1,8,16,91
1,8,17,1
1,8,18,100
1,8,19,50
1,8,20,82
1,8,21,46
1,8,22,83
1,8,23,41
1,8,24,22
1,8,25,16
1,8,26,54
1,8,27,80
1,8,28,45
1,8,29,70
1,8,30,93
1,8,31,22
1,8,32,39
1,8,33,59
1,8,34,45
1,8,35,57
1,8,36,51
1,8,37,98
1,8,38,1
1,8,39,77
1,8,40,47
1,8,41,88
1,8,42,12
1,8,43,64
1,8,44,44
1,8,45,31
1,8,46,6
1,8,47,34
1,8,48,32
1,8,49,5
1,8,50,50
1,9,1,81
1,9,2,17
1,9,3,32
1,9,4,88
1,9,5,39
1,9,6,14
1,9,7,41
1,9,8,18
1,9,9,59
1,9,10,10
1,9,11,78
1,9,12,82
1,9,13,15
1,9,14,36
1,9,15,93
1,9,16,39
1,9,17,87
1,9,18,90
1,9,19,6
1,9,20,29
1,9,21,2
1,9,22,95
1,9,23,7
1,9,24,66
1,9,25,38
1,9,26,38
1,9,27,39
1,9,28,38
1,9,29,71
1,9,30,10
1,9,31,88
1,9,32,51
1,9,33,28
1,9,34,86
1,9,35,38
1,9,36,67
1,9,37,0
1,9,38,45
1,9,39,52
1,9,40,59
1,9,41,21
1,9,42,96
1,9,43,6
1,9,44,2
1,9,45,98
1,9,46,99
1,9,47,41
1,9,48,50
1,9,49,55
1,9,50,14
1,10,1,80
1,10,2,57
1,10,3,8
1,10,4,87
1,10,5,90
1,10,6,12
1,10,7,92
1,10,8,95
1,10,9,50
1,10,10,62
1,10,11,4
1,10,12,3
1,10,13,79
1,10,14,32
1,10,15,89
1,10,16,83
1,10,17,66
1,10,18,89
1,10,19,27
1,10,20,84
1,10,21,14
1,10,22,14
1,10,23,45
1,10,24,87
1,10,25,16
1,10,26,42
1,10,27,86
1,10,28,58
1,10,29,92
1,10,30,6
1,10,31,72
1,10,32,37
1,10,33,29
1,10,34,46
1,10,35,24
1,10,36,18
1,10,37,58
1,10,38,82
1,10,39,79
1,10,40,74
1,10,41,43
1,10,42,84
1,10,43,43
1,10,44,88
1,10,45,82
1,10,46,98
1,10,47,70
1,10,48,13
1,10,49,53
1,10,50,63
1,11,1,63
1,11,2,33
1,11,3,77
1,11,4,7
1,11,5,19
1,11,6,93
1,11,7,49
1,11,8,71
1,11,9,16
1,11,10,7
1,11,11,77
1,11,12,54
1,11,13,44
1,11,14,6
1,11,15,100
1,11,16,34
1,11,17,91
1,11,18,23
1,11,19,15
1,11,20,70
1,11,21,63
1,11,22,24
1,11,23,53
1,11,24,72
1,11,25,11
1,11,26,0
1,11,27,70
1,11,28,47
1,11,29,14
1,11,30,89
1,11,31,9
1,11,32,77
1,11,33,21
1,11,34,86
1,11,35,51
1,11,36,40
1,11,37,45
1,11,38,100
1,11,39,11
1,11,40,61
1,11,41,73
1,11,42,88
1,11,43,15
1,11,44,17
1,11,45,60
1,11,46,81
1,11,47,17
1,11,48,51
1,11,49,4
1,11,50,100
1,12,1,20
1,12,2,33
1,12,3,23
1,12,4,39
1,12,5,5
1,12,6,1
1,12,7,39
1,12,8,41
1,12,9,48
1,12,10,19
1,12,11,29
1,12,12,58
1,12,13,63
1,12,14,50
1,12,15,9
1,12,16,13
1,12,17,90
1,12,18,54
1,12,19,79
1,12,20,67
1,12,21,15
1,12,22,52
1,12,23,55
1,12,24,97
1,12,25,35
1,12,26,14
1,12,27,77
1,12,28,18
1,12,29,31
1,12,30,47
1,12,31,17
1,12,32,51
1,12,33,81
1,12,34,41
1,12,35,56
1,12,36,52
1,12,37,42
1,12,38,62
1,12,39,59
1,12,40,56
1,12,41,81
1,12,42,88
1,12,43,13
1,12,44,9
1,12,45,3
1,12,46,90
1,12,47,22
1,12,48,59
1,12,49,43
1,12,50,68
1,13,1,26
1,13,2,24
1,13,3,19
1,13,4,47
1,13,5,20
1,13,6,20
1,13,7,61
1,13,8,64
1,13,9,38
1,13,10,59
1,13,11,10
1,13,12,56
1,13,13,76
1,13,14,91
1,13,15,63
1,13,16,32
1,13,17,8
1,13,18,71
1,13,19,94
1,13,20,67
1,13,21,26
1,13,22,40
1,13,23,54
1,13,24,6
1,13,25,50
1,13,26,23
1,13,27,62
1,13,28,38
1,13,29,83
1,13,30,71
1,13,31,5
1,13,32,8
1,13,33,96
1,13,34,91
1,13,35,55
1,13,36,82
1,13,37,10
1,13,38,82
1,13,39,45
1,13,40,15
1,13,41,40
1,13,42,56
1,13,43,37
1,13,44,16
1,13,45,12
1,13,46,100
1,13,47,48
1,13,48,88
1,13,49,36
1,13,50,7
1,14,1,54
1,14,2,28
1,14,3,13
1,14,4,75
1,14,5,0
1,14,6,29
1,14,7,98
1,14,8,62
1,14,9,68
1,14,10,80
1,14,11,100
1,14,12,73
1,14,13,88
1,14,14,95
1,14,15,30
1,14,16,8
1,14,17,42
1,14,18,6
1,14,19,91
1,14,20,54
1,14,21,21
1,14,22,97
1,14,23,76
1,14,24,58
1,14,25,12
1,14,26,54
1,14,27,23
1,14,28,26
1,14,29,41
1,14,30,25
1,14,31,100
1,14,32,96
1,14,33,54
1,14,34,13
1,14,35,36
1,14,36,20
1,14,37,42
1,14,38,33
1,14,39,83
1,14,40,76
1,14,41,80
1,14,42,82
1,14,43,15
1,14,44,33
1,14,45,42
1,14,46,45
1,14,47,42
1,14,48,50
1,14,49,51
1,14,50,99
1,15,1,70
1,15,2,73
1,15,3,95
1,15,4,45
1,15,5,97
1,15,6,74
1,15,7,100
1,15,8,20
1,15,9,100
1,15,10,40
1,15,11,45
1,15,12,66
1,15,13,1
1,15,14,65
1,15,15,79
1,15,16,37
1,15,17,86
1,15,18,87
1,15,19,37
1,15,20,34
1,15,21,63
1,15,22,16
1,15,23,82
1,15,24,78
1,15,25,15
1,15,26,90
1,15,27,89
1,15,28,57
1,15,29,39
1,15,30,39
1,15,31,55
1,15,32,76
1,15,33,78
1,15,34,16
1,15,35,20
1,15,36,75
1,15,37,90
1,15,38,86
1,15,39,61
1,15,40,55
1,15,41,93
1,15,42,72
1,15,43,20
1,15,44,94
1,15,45,37
1,15,46,65
1,15,47,98
1,15,48,89
1,15,49,52
1,15,50,0
1,16,1,22
1,16,2,81
1,16,3,16
1,16,4,70
1,16,5,24
1,16,6,31
1,16,7,59
1,16,8,12
1,16,9,55
1,16,10,64
1,16,11,51
1,16,12,76
1,16,13,39
1,16,14,29
1,16,15,92
1,16,16,26
1,16,17,70
1,16,18,47
1,16,19,11
1,16,20,30
1,16,21,2
1,16,22,3
1,16,23,1
1,16,24,89
1,16,25,64
1,16,26,4
1,16,27,54
1,16,28,61
1,16,29,93
1,16,30,72
1,16,31,61
1,16,32,81
1,16,33,18
1,16,34,43
1,16,35,50
1,16,36,42
1,16,37,40
1,16,38,75
1,16,39,54
1,16,40,95
1,16,41,39
1,16,42,71
1,16,43,37
1,16,44,44
1,16,45,100
1,16,46,95
1,16,47,70
1,16,48,69
1,16,49,42
1,16,50,82
1,17,1,65
1,17,2,10
1,17,3,51
1,17,4,67
1,17,5,65
1,17,6,14
1,17,7,37
1,17,8,85
1,17,9,41
1,17,10,30
1,17,11,56
1,17,12,68
1,17,13,77
1,17,14,40
1,17,15,77
1,17,16,27
1,17,17,82
1,17,18,17
1,17,19,68
1,17,20,35
1,17,21,78
1,17,22,6
1,17,23,73
1,17,24,14
1,17,25,17
1,17,26,72
1,17,27,76
1,17,28,87
1,17,29,7
1,17,30,17
1,17,31,34
1,17,32,38
1,17,33,94
1,17,34,86
1,17,35,71
1,17,36,58
1,17,37,100
1,17,38,8
1,17,39,43
1,17,40,7
1,17,41,38
1,17,42,65
1,17,43,41
1,17,44,81
1,17,45,72
1,17,46,18
1,17,47,7
1,17,48,53
1,17,49,1
1,17,50,42
1,18,1,55
1,18,2,79
1,18,3,48
1,18,4,27
1,18,5,60
1,18,6,65
1,18,7,65
1,18,8,35
1,18,9,18
1,18,10,38
1,18,11,18
1,18,12,52
1,18,13,77
1,18,14,11
1,18,15,37
1,18,16,47
1,18,17,35
1,18,18,3
1,18,19,55
1,18,20,44
1,18,21,77
1,18,22,59
1,18,23,76
1,18,24,17
1,18,25,40
1,18,26,47
1,18,27,35
1,18,28,13
1,18,29,100
1,18,30,36
1,18,31,55
1,18,32,20
1,18,33,82
1,18,34,70
1,18,35,47
1,18,36,7
1,18,37,0
1,18,38,79
1,18,39,42
1,18,40,18
1,18,41,16
1,18,42,26
1,18,43,37
1,18,44,93
1,18,45,3
1,18,46,40
1,18,47,40
1,18,48,4
1,18,49,43
1,18,50,61
1,19,1,49
1,19,2,86
1,19,3,20
1,19,4,91
1,19,5,3
1,19,6,26
1,19,7,37
1,19,8,4
1,19,9,39
1,19,10,2
1,19,11,41
1,19,12,61
1,19,13,23
1,19,14,89
1,19,15,30
1,19,16,36
1,19,17,96
1,19,18,30
1,19,19,14
1,19,20,3
1,19,21,15
1,19,22,31
1,19,23,29
1,19,24,18
1,19,25,90
1,19,26,99
1,19,27,58
1,19,28,96
1,19,29,2
1,19,30,68
1,19,31,57
1,19,32,17
1,19,33,53
1,19,34,43
1,19,35,7
1,19,36,56
1,19,37,69
1,19,38,44
1,19,39,61
1,19,40,74
1,19,41,47
1,19,42,68
1,19,43,34
1,19,44,36
1,19,45,56
1,19,46,30
1,19,47,38
1,19,48,17
1,19,49,27
1,19,50,53
1,20,1,20
1,20,2,8
1,20,3,50
1,20,4,15
1,20,5,26
1,20,6,5
1,20,7,80
1,20,8,84
1,20,9,1
1,20,10,82
1,20,11,51
1,20,12,24
1,20,13,100
1,20,14,4
1,20,15,33
1,20,16,6
1,20,17,26
1,20,18,1
1,20,19,17
1,20,20,87
1,20,21,41
1,20,22,64
1,20,23,20
1,20,24,42
1,20,25,66
1,20,26,42
1,20,27,72
1,20,28,3
1,20,29,25
1,20,30,65
1,20,31,22
1,20,32,11
1,20,33,73
1,20,34,38
1,20,35,26
1,20,36,99
1,20,37,44
1,20,38,72
1,20,39,83
1,20,40,11
1,20,41,54
1,20,42,33
1,20,43,35
1,20,44,19
1,20,45,3
1,20,46,68
1,20,47,92
1,20,48,30
1,20,49,35
1,20,50,8
1,21,1,83
1,21,2,42
1,21,3,38
1,21,4,3
1,21,5,84
1,21,6,3
1,21,7,11
1,21,8,22
1,21,9,74
1,21,10,37
1,21,11,87
1,21,12,96
1,21,13,48
1,21,14,60
1,21,15,34
1,21,16,41
1,21,17,58
1,21,18,44
1,21,19,12
1,21,20,40
1,21,21,55
1,21,22,32
1,21,23,40
1,21,24,56
1,21,25,17
1,21,26,43
1,21,27,23
1,21,28,9
1,21,29,73
1,21,30,24
1,21,31,17
1,21,32,22
1,21,33,66
1,21,34,56
1,21,35,92
1,21,36,50
1,21,37,25
1,21,38,2
1,21,39,72
1,21,40,99
1,21,41,5
1,21,42,24
1,21,43,61
1,21,44,54
1,21,45,84
1,21,46,61
1,21,47,61
1,21,48,42
1,21,49,4
1,21,50,39
1,22,1,48
1,22,2,25
1,22,3,72
1,22,4,88
1,22,5,81
1,22,6,55
1,22,7,98
1,22,8,70
1,22,9,64
1,22,10,36
1,22,11,94
1,22,12,82
1,22,13,58
1,22,14,25
1,22,15,3
1,22,16,49
1,22,17,75
1,22,18,95
1,22,19,18
1,22,20,12
1,22,21,94
1,22,22,23
1,22,23,37
1,22,24,20
1,22,25,77
1,22,26,87
1,22,27,81
1,22,28,3
1,22,29,28
1,22,30,51
1,22,31,43
1,22,32,43
1,22,33,76
1,22,34,81
1,22,35,30
1,22,36,22
1,22,37,35
1,22,38,94
1,22,39,92
1,22,40,100
1,22,41,30
1,22,42,51
1,22,43,47
1,22,44,88
1,22,45,76
1,22,46,16
1,22,47,3
1,22,48,17
1,22,49,10
1,22,50,21
1,23,1,29
1,23,2,3
1,23,3,44
1,23,4,32
1,23,5,90
1,23,6,88
1,23,7,19
1,23,8,70
1,23,9,91
1,23,10,13
1,23,11,87
1,23,12,33
1,23,13,56
1,23,14,28
1,23,15,13
1,23,16,53
1,23,17,50
1,23,18,49
1,23,19,46
1,23,20,7
1,23,21,14
1,23,22,76
1,23,23,58
1,23,24,27
1,23,25,30
1,23,26,34
1,23,27,43
1,23,28,33
1,23,29,17
1,23,30,53
1,23,31,54
1,23,32,12
1,23,33,23
1,23,34,64
1,23,35,45
1,23,36,12
1,23,37,51
1,23,38,30
1,23,39,49
1,23,40,42
1,23,41,9
1,23,42,35
1,23,43,75
1,23,44,66
1,23,45,64
1,23,46,55
1,23,47,18
1,23,48,80
1,23,49,70
1,23,50,30
2,0,1,88
2,0,2,50
2,0,3,73
2,0,4,45
2,0,5,77
2,0,6,2
2,0,7,45
2,0,8,19
2,0,9,1
2,0,10,62
2,0,11,72
2,0,12,21
2,0,13,75
2,0,14,95
2,0,15,85
2,0,16,86
2,0,17,74
2,0,18,36
2,0,19,82
2,0,20,22
2,0,21,44
2,0,22,91
2,0,23,23
2,0,24,85
2,0,25,22
2,0,26,87
2,0,27,39
2,0,28,40
2,0,29,67
2,0,30,75
2,0,31,37
2,0,32,20
2,0,33,24
2,0,34,9
2,0,35,65
2,0,36,0
2,0,37,78
2,0,38,77
2,0,39,19
2,0,40,45
2,0,41,4
2,0,42,58
2,0,43,66
2,0,44,45
2,0,45,18
2,0,46,16
2,0,47,30
2,0,48,92
2,0,49,18
2,0,50,78
2,1,1,80
2,1,2,62
2,1,3,69
2,1,4,3
2,1,5,47
2,1,6,91
2,1,7,56
2,1,8,52
2,1,9,98
2,1,10,89
2,1,11,94
2,1,12,0
2,1,13,8
2,1,14,84
2,1,15,76
2,1,16,74
2,1,17,85
2,1,18,53
2,1,19,16
2,1,20,70
2,1,21,98
2,1,22,20
2,1,23,94
2,1,24,29
2,1,25,66
2,1,26,12
2,1,27,45
2,1,28,62
2,1,29,3
2,1,30,64
2,1,31,6
2,1,32,84
2,1,33,92
2,1,34,75
2,1,35,53
2,1,36,4
2,1,37,31
2,1,38,8
2,1,39,23
2,1,40,95
2,1,41,98
2,1,42,16
2,1,43,61
2,1,44,5
2,1,45,100
2,1,46,36
2,1,47,45
2,1,48,50
2,1,49,55
2,1,50,61
2,2,1,87
2,2,2,18
2,2,3,48
2,2,4,80
2,2,5,47
2,2,6,13
2,2,7,92
2,2,8,59
2,2,9,41
2,2,10,62
2,2,11,89
2,2,12,47
2,2,13,11
2,2,14,80
2,2,15,88
2,2,16,64
2,2,17,85
2,2,18,86
2,2,19,72
2,2,20,74
2,2,21,46
2,2,22,35
2,2,23,90
2,2,24,7
2,2,25,41
2,2,26,55
2,2,27,9
2,2,28,52
2,2,29,5
2,2,30,65
2,2,31,13
2,2,32,92
2,2,33,83
2,2,34,61
2,2,35,37
2,2,36,97
2,2,37,40
2,2,38,29
2,2,39,55
2,2,40,47
2,2,41,91
2,2,42,43
2,2,43,95
2,2,44,68
2,2,45,22
2,2,46,48
2,2,47,31
2,2,48,73
2,2,49,33
2,2,50,69
2,3,1,46
2,3,2,46
2,3,3,4
2,3,4,1
2,3,5,53
2,3,6,45
2,3,7,23
2,3,8,28
2,3,9,97
2,3,10,95
2,3,11,93
2,3,12,76
2,3,13,52
2,3,14,42
2,3,15,2
2,3,16,89
2,3,17,38
2,3,18,8
2,3,19,17
2,3,20,59
2,3,21,56
2,3,22,74
2,3,23,1
2,3,24,16
2,3,25,41
2,3,26,90
2,3,27,64
2,3,28,38
2,3,29,29
2,3,30,64
2,3,31,7
2,3,32,41
2,3,33,9
2,3,34,11
2,3,35,43
2,3,36,28
2,3,37,22
2,3,38,32
2,3,39,56
2,3,40,85
2,3,41,26
2,3,42,49
2,3,43,61
2,3,44,78
2,3,45,57
2,3,46,29
2,3,47,66
2,3,48,95
2,3,49,4
2,3,50,50
2,4,1,53
2,4,2,60
2,4,3,23
2,4,4,20
2,4,5,42
2,4,6,31
2,4,7,9
2,4,8,5
2,4,9,69
2,4,10,4
2,4,11,35
2,4,12,76
2,4,13,46
2,4,14,44
2,4,15,53
2,4,16,55
2,4,17,72
2,4,18,75
2,4,19,87
2,4,20,28
2,4,21,60
2,4,22,12
2,4,23,43
2,4,24,87
2,4,25,90
2,4,26,100
2,4,27,82
2,4,28,21
2,4,29,60
2,4,30,86
2,4,31,71
2,4,32,79
2,4,33,11
2,4,34,61
2,4,35,99
2,4,36,53
2,4,37,92
2,4,38,74
2,4,39,25
2,4,40,26
2,4,41,79
2,4,42,60
2,4,43,69
2,4,44,24
2,4,45,4
2,4,46,88
2,4,47,45
2,4,48,42
2,4,49,63
2,4,50,31
2,5,1,70
2,5,2,89
2,5,3,9
2,5,4,12
2,5,5,41
2,5,6,99
2,5,7,78
2,5,8,22
2,5,9,19
2,5,10,37
2,5,11,8
2,5,12,57
2,5,13,15
2,5,14,19
2,5,15,17
2,5,16,80
2,5,17,39
2,5,18,75
2,5,19,54
2,5,20,64
2,5,21,0
2,5,22,99
2,5,23,23
2,5,24,35
2,5,25,22
2,5,26,94
2,5,27,23
2,5,28,33
2,5,29,36
2,5,30,52
2,5,31,64
2,5,32,5
2,5,33,40
2,5,34,73
2,5,35,85
2,5,36,81
2,5,37,37
2,5,38,28
2,5,39,2
2,5,40,22
2,5,41,32
2,5,42,77
2,5,43,79
2,5,44,13
2,5,45,97
2,5,46,62
2,5,47,94
2,5,48,35
2,5,49,36
2,5,50,13
2,6,1,65
2,6,2,3
2,6,3,11
2,6,4,88
2,6,5,38
2,6,6,100
2,6,7,48
2,6,8,27
2,6,9,32
2,6,10,84
2,6,11,79
2,6,12,96
2,6,13,55
2,6,14,85
2,6,15,34
2,6,16,5
2,6,17,65
2,6,18,71
2,6,19,34
2,6,20,34
2,6,21,59
2,6,22,66
2,6,23,10
2,6,24,38
2,6,25,79
2,6,26,73
2,6,27,66
2,6,28,38
2,6,29,74
2,6,30,2
2,6,31,51
2,6,32,4
2,6,33,5
2,6,34,62
2,6,35,93
2,6,36,9
2,6,37,27
2,6,38,6
2,6,39,37
2,6,40,59
2,6,41,90
2,6,42,82
2,6,43,20
2,6,44,10
2,6,45,67
2,6,46,20
2,6,47,16
2,6,48,98
2,6,49,57
2,6,50,16
2,7,1,31
2,7,2,16
2,7,3,82
2,7,4,8
2,7,5,20
2,7,6,26
2,7,7,47
2,7,8,86
2,7,9,65
2,7,10,88
2,7,11,54
2,7,12,82
2,7,13,92
2,7,14,59
2,7,15,44
2,7,16,50
2,7,17,35
2,7,18,37
2,7,19,56
2,7,20,38
2,7,21,63
2,7,22,11
2,7,23,19
2,7,24,83
2,7,25,22
2,7,26,52
2,7,27,3
2,7,28,38
2,7,29,16
2,7,30,26
2,7,31,20
2,7,32,13
2,7,33,42
2,7,34,68
2,7,35,21
2,7,36,28
2,7,37,94
2,7,38,35
2,7,39,81
2,7,40,24
2,7,41,22
2,7,42,34
2,7,43,6
2,7,44,13
2,7,45,60
2,7,46,16
2,7,47,30
2,7,48,95
2,7,49,53
2,7,50,86
2,8,1,99
2,8,2,15
2,8,3,98
2,8,4,84
2,8,5,65
2,8,6,19
2,8,7,36
2,8,8,34
2,8,9,23
2,8,10,52
2,8,11,60
2,8,12,9
2,8,13,31
2,8,14,69
2,8,15,77
2,8,16,53
2,8,17,63
2,8,18,70
2,8,19,54
2,8,20,43
2,8,21,61
2,8,22,76
2,8,23,78
2,8,24,67
2,8,25,55
2,8,26,37
2,8,27,49
2,8,28,85
2,8,29,98
2,8,30,1
2,8,31,71
2,8,32,96
2,8,33,84
2,8,34,34
2,8,35,79
2,8,36,14
2,8,37,19
2,8,38,81
2,8,39,48
2,8,40,8
2,8,41,99
2,8,42,74
2,8,43,17
2,8,44,30
2,8,45,8
2,8,46,94
2,8,47,49
2,8,48,72
2,8,49,29
2,8,50,2
2,9,1,14
2,9,2,90
2,9,3,44
2,9,4,58
2,9,5,22
2,9,6,99
2,9,7,61
2,9,8,71
2,9,9,50
2,9,10,58
2,9,11,39
2,9,12,87
2,9,13,19
2,9,14,22
2,9,15,20
2,9,16,65
2,9,17,2
2,9,18,39
2,9,19,45
2,9,20,50
2,9,21,47
2,9,22,10
2,9,23,90
2,9,24,64
2,9,25,40
2,9,26,99
2,9,27,23
2,9,28,89
2,9,29,70
2,9,30,52
2,9,31,57
2,9,32,84
2,9,33,42
2,9,34,0
2,9,35,8
2,9,36,64
2,9,37,65
2,9,38,69
2,9,39,35
2,9,40,14
2,9,41,94
2,9,42,40
2,9,43,0
2,9,44,12
2,9,45,28
2,9,46,87
2,9,47,77
2,9,48,30
2,9,49,25
2,9,50,89
2,10,1,46
2,10,2,38
2,10,3,99
2,10,4,35
2,10,5,68
2,10,6,4
2,10,7,33
2,10,8,57
2,10,9,93
2,10,10,2
2,10,11,9
2,10,12,15
2,10,13,53
2,10,14,51
2,10,15,15
2,10,16,61
2,10,17,81
2,10,18,80
2,10,19,29
2,10,20,82
2,10,21,95
2,10,22,22
2,10,23,21
2,10,24,61
2,10,25,1
2,10,26,15
2,10,27,48
2,10,28,44
2,10,29,45
2,10,30,39
2,10,31,32
2,10,32,91
2,10,33,44
2,10,34,30
2,10,35,26
2,10,36,78
2,10,37,34
2,10,38,59
2,10,39,35
2,10,40,93
2,10,41,28
2,10,42,44
2,10,43,7
2,10,44,81
2,10,45,61
2,10,46,89
2,10,47,7
2,10,48,7
2,10,49,35
2,10,50,2
2,11,1,90
2,11,2,96
2,11,3,25
2,11,4,77
2,11,5,56
2,11,6,93
2,11,7,93
2,11,8,70
2,11,9,36
2,11,10,37
2,11,11,9
2,11,12,69
2,11,13,95
2,11,14,19
2,11,15,65
2,11,16,20
2,11,17,97
2,11,18,66
2,11,19,45
2,11,20,31
2,11,21,24
2,11,22,73
2,11,23,41
2,11,24,99
2,11,25,19
2,11,26,1
2,11,27,87
2,11,28,26
2,11,29,9
2,11,30,88
2,11,31,29
2,11,32,65
2,11,33,83
2,11,34,20
2,11,35,41
2,11,36,5
2,11,37,79
2,11,38,100
2,11,39,75
2,11,40,14
2,11,41,3
2,11,42,50
2,11,43,49
2,11,44,98
2,11,45,69
2,11,46,81
2,11,47,17
2,11,48,66
2,11,49,46
2,11,50,28
2,12,1,63
2,12,2,36
2,12,3,68
2,12,4,4
2,12,5,34
2,12,6,87
2,12,7,5
2,12,8,88
2,12,9,80
2,12,10,81
2,12,11,75
2,12,12,75
2,12,13,45
2,12,14,58
2,12,15,61
2,12,16,53
2,12,17,63
2,12,18,39
2,12,19,52
2,12,20,3
2,12,21,53
2,12,22,55
2,12,23,54
2,12,24,69
2,12,25,52
2,12,26,22
2,12,27,49
2,12,28,35
2,12,29,54
2,12,30,61
2,12,31,64
2,12,32,17
2,12,33,97
2,12,34,98
2,12,35,21
2,12,36,31
2,12,37,50
2,12,38,93
2,12,39,85
2,12,40,29
2,12,41,74
2,12,42,59
2,12,43,3
2,12,44,85
2,12,45,83
2,12,46,30
2,12,47,37
2,12,48,11
2,12,49,69
2,12,50,90
2,13,1,15
2,13,2,89
2,13,3,44
2,13,4,69
2,13,5,57
2,13,6,63
2,13,7,57
2,13,8,72
2,13,9,98
2,13,10,11
2,13,11,32
2,13,12,27
2,13,13,95
2,13,14,95
2,13,15,24
2,13,16,15
2,13,17,25
2,13,18,75
2,13,19,74
2,13,20,76
2,13,21,70
2,13,22,13
2,13,23,35
2,13,24,40
2,13,25,99
2,13,26,84
2,13,27,70
2,13,28,35
2,13,29,96
2,13,30,39
2,13,31,91
2,13,32,10
2,13,33,27
2,13,34,35
2,13,35,45
2,13,36,50
2,13,37,98
2,13,38,1
2,13,39,21
2,13,40,61
2,13,41,79
2,13,42,19
2,13,43,55
2,13,44,73
2,13,45,13
2,13,46,79
2,13,47,54
2,13,48,39
2,13,49,19
2,13,50,28
2,14,1,81
2,14,2,90
2,14,3,41
2,14,4,15
2,14,5,96
2,14,6,5
2,14,7,100
2,14,8,65
2,14,9,7
2,14,10,95
2,14,11,70
2,14,12,98
2,14,13,71
2,14,14,97
2,14,15,99
2,14,16,82
2,14,17,12
2,14,18,62
2,14,19,49
2,14,20,33
2,14,21,23
2,14,22,28
2,14,23,52
2,14,24,44
2,14,25,0
2,14,26,66
2,14,27,22
2,14,28,21
2,14,29,71
2,14,30,8
2,14,31,49
2,14,32,51
2,14,33,64
2,14,34,56
2,14,35,33
2,14,36,59
2,14,37,28
2,14,38,99
2,14,39,90
2,14,40,35
2,14,41,59
2,14,42,60
2,14,43,32
2,14,44,29
2,14,45,56
2,14,46,98
2,14,47,77
2,14,48,35
2,14,49,59
2,14,50,25
2,15,1,68
2,15,2,48
2,15,3,53
2,15,4,87
2,15,5,92
2,15,6,20
2,15,7,18
2,15,8,81
2,15,9,41
2,15,10,55
2,15,11,89
2,15,12,90
2,15,13,5
2,15,14,18
2,15,15,11
2,15,16,4
2,15,17,43
2,15,18,39
2,15,19,2
2,15,20,32
2,15,21,40
2,15,22,61
2,15,23,92
2,15,24,39
2,15,25,56
2,15,26,14
2,15,27,36
2,15,28,32
2,15,29,49
2,15,30,61
2,15,31,58
2,15,32,83
2,15,33,9
2,15,34,10
2,15,35,69
2,15,36,67
2,15,37,97
2,15,38,87
2,15,39,47
2,15,40,37
2,15,41,7
2,15,42,1
2,15,43,93
2,15,44,13
2,15,45,86
2,15,46,71
2,15,47,84
2,15,48,28
2,15,49,9
2,15,50,87
2,16,1,61
2,16,2,16
2,16,3,13
2,16,4,18
2,16,5,55
2,16,6,36
2,16,7,32
2,16,8,91
2,16,9,68
2,16,10,47
2,16,11,51
2,16,12,92
2,16,13,30
2,16,14,26
2,16,15,2
2,16,16,65
2,16,17,94
2,16,18,65
2,16,19,52
2,16,20,40
2,16,21,2
2,16,22,59
2,16,23,8
2,16,24,95
2,16,25,38
2,16,26,94
2,16,27,65
2,16,28,89
2,16,29,22
2,16,30,41
2,16,31,41
2,16,32,49
2,16,33,57
2,16,34,54
2,16,35,67
2,16,36,11
2,16,37,90
2,16,38,66
2,16,39,68
2,16,40,24
2,16,41,12
2,16,42,85
2,16,43,15
2,16,44,42
2,16,45,11
2,16,46,84
2,16,47,74
2,16,48,4
2,16,49,49
2,16,50,25
2,17,1,10
2,17,2,51
2,17,3,50
2,17,4,18
2,17,5,11
2,17,6,55
2,17,7,79
2,17,8,43
2,17,9,9
2,17,10,67
2,17,11,50
2,17,12,50
2,17,13,15
2,17,14,73
2,17,15,70
2,17,16,48
2,17,17,50
2,17,18,60
2,17,19,80
2,17,20,17
2,17,21,84
2,17,22,93
2,17,23,1
2,17,24,65
2,17,25,0
2,17,26,79
2,17,27,49
2,17,28,74
2,17,29,83
2,17,30,98
2,17,31,65
2,17,32,60
2,17,33,14
2,17,34,82
2,17,35,44
2,17,36,92
2,17,37,2
2,17,38,22
2,17,39,0
2,17,40,11
2,17,41,55
2,17,42,50
2,17,43,61
2,17,44,70
2,17,45,22
2,17,46,30
2,17,47,85
2,17,48,38
2,17,49,56
2,17,50,64
2,18,1,55
2,18,2,5
2,18,3,22
2,18,4,23
2,18,5,71
2,18,6,90
2,18,7,68
2,18,8,86
2,18,9,29
2,18,10,51
2,18,11,83
2,18,12,95
2,18,13,10
2,18,14,63
2,18,15,42
2,18,16,54
2,18,17,20
2,18,18,10
2,18,19,43
2,18,20,21
2,18,21,21
2,18,22,98
2,18,23,37
2,18,24,48
2,18,25,34
2,18,26,26
2,18,27,44
2,18,28,85
2,18,29,64
2,18,30,0
2,18,31,14
2,18,32,86
2,18,33,72
2,18,34,37
2,18,35,75
2,18,36,8
2,18,37,93
2,18,38,42
2,18,39,94
2,18,40,21
2,18,41,93
2,18,42,42
2,18,43,82
2,18,44,69
2,18,45,71
2,18,46,23
2,18,47,90
2,18,48,92
2,18,49,33
2,18,50,99
2,19,1,12
2,19,2,20
2,19,3,96
2,19,4,49
2,19,5,68
2,19,6,96
2,19,7,75
2,19,8,79
2,19,9,80
2,19,10,5
2,19,11,45
2,19,12,95
2,19,13,91
2,19,14,16
2,19,15,98
2,19,16,65
2,19,17,25
2,19,18,90
2,19,19,6
2,19,20,85
2,19,21,77
2,19,22,66
2,19,23,27
2,19,24,59
2,19,25,0
2,19,26,98
2,19,27,48
2,19,28,56
2,19,29,89
2,19,30,48
2,19,31,54
2,19,32,67
2,19,33,34
2,19,34,16
2,19,35,83
2,19,36,69
2,19,37,11
2,19,38,23
2,19,39,47
2,19,40,58
2,19,41,28
2,19,42,92
2,19,43,18
2,19,44,18
2,19,45,74
2,19,46,15
2,19,47,83
2,19,48,99
2,19,49,71
2,19,50,56
2,20,1,50
2,20,2,47
2,20,3,88
2,20,4,77
2,20,5,72
2,20,6,88
2,20,7,40
2,20,8,20
2,20,9,10
2,20,10,96
2,20,11,68
2,20,12,64
2,20,13,62
2,20,14,1
2,20,15,46
2,20,16,10
2,20,17,36
2,20,18,24
2,20,19,34
2,20,20,83
2,20,21,82
2,20,22,62
2,20,23,74
2,20,24,100
2,20,25,81
2,20,26,48
2,20,27,81
2,20,28,29
2,20,29,12
2,20,30,51
2,20,31,51
2,20,32,62
2,20,33,64
2,20,34,38
2,20,35,4
2,20,36,36
2,20,37,93
2,20,38,45
2,20,39,56
2,20,40,2
2,20,41,6
2,20,42,90
2,20,43,32
2,20,44,34
2,20,45,57
2,20,46,45
2,20,47,45
2,20,48,94
2,20,49,69
2,20,50,79
2,21,1,42
2,21,2,16
2,21,3,6
2,21,4,16
2,21,5,15
2,21,6,87
2,21,7,30
2,21,8,62
2,21,9,83
2,21,10,8
2,21,11,12
2,21,12,33
2,21,13,37
2,21,14,42
2,21,15,38
2,21,16,41
2,21,17,78
2,21,18,97
2,21,19,52
2,21,20,100
2,21,21,99
2,21,22,58
2,21,23,55
2,21,24,97
2,21,25,59
2,21,26,12
2,21,27,7
2,21,28,3
2,21,29,72
2,21,30,76
2,21,31,48
2,21,32,13
2,21,33,92
2,21,34,54
2,21,35,96
2,21,36,73
2,21,37,7
2,21,38,92
2,21,39,34
2,21,40,56
2,21,41,0
2,21,42,12
2,21,43,55
2,21,44,37
2,21,45,21
2,21,46,93
2,21,47,44
2,21,48,99
2,21,49,55
2,21,50,97
2,22,1,99
2,22,2,53
2,22,3,20
2,22,4,53
2,22,5,16
2,22,6,45
2,22,7,31
2,22,8,23
2,22,9,14
2,22,10,69
2,22,11,66
2,22,12,62
2,22,13,49
2,22,14,57
2,22,15,83
2,22,16,44
2,22,17,97
2,22,18,56
2,22,19,36
2,22,20,97
2,22,21,78
2,22,22,2
2,22,23,76
2,22,24,32
2,22,25,5
2,22,26,97
2,22,27,92
2,22,28,49
2,22,29,95
2,22,30,46
2,22,31,11
2,22,32,59
2,22,33,66
2,22,34,99
2,22,35,79
2,22,36,48
2,22,37,43
2,22,38,76
2,22,39,37
2,22,40,58
2,22,41,45
2,22,42,2
2,22,43,86
2,22,44,94
2,22,45,26
2,22,46,34
2,22,47,3
2,22,48,22
2,22,49,56
2,22,50,39
2,23,1,18
2,23,2,33
2,23,3,7
2,23,4,94
2,23,5,32
2,23,6,12
2,23,7,90
2,23,8,90
2,23,9,62
2,23,10,51
2,23,11,35
2,23,12,39
2,23,13,9
2,23,14,67
2,23,15,37
2,23,16,54
2,23,17,14
2,23,18,81
2,23,19,30
2,23,20,18
2,23,21,4
2,23,22,75
2,23,23,20
2,23,24,56
2,23,25,34
2,23,26,46
2,23,27,91
2,23,28,37
2,23,29,34
2,23,30,46
2,23,31,77
2,23,32,19
2,23,33,46
2,23,34,50
2,23,35,79
2,23,36,78
2,23,37,63
2,23,38,35
2,23,39,67
2,23,40,91
2,23,41,86
2,23,42,68
2,23,43,29
2,23,44,61
2,23,45,35
2,23,46,33
2,23,47,82
2,23,48,15
2,23,49,13
2,23,50,11
3,0,1,33
3,0,2,84
3,0,3,86
3,0,4,20
3,0,5,39
3,0,6,19
3,0,7,66
3,0,8,29
3,0,9,56
3,0,10,67
3,0,11,42
3,0,12,99
3,0,13,86
3,0,14,88
3,0,15,15
3,0,16,30
3,0,17,31
3,0,18,78
3,0,19,65
3,0,20,98
3,0,21,34
3,0,22,16
3,0,23,65
3,0,24,63
3,0,25,44
3,0,26,66
3,0,27,96
3,0,28,25
3,0,29,48
3,0,30,75
3,0,31,36
3,0,32,81
3,0,33,24
3,0,34,88
3,0,35,0
3,0,36,30
3,0,37,73
3,0,38,33
3,0,39,25
3,0,40,95
3,0,41,66
3,0,42,67
3,0,43,60
3,0,44,17
3,0,45,20
3,0,46,75
3,0,47,47
3,0,48,51
3,0,49,18
3,0,50,12
3,1,1,14
3,1,2,52
3,1,3,95
3,1,4,46
3,1,5,81
3,1,6,38
3,1,7,78
3,1,8,43
3,1,9,63
3,1,10,25
3,1,11,84
3,1,12,65
3,1,13,73
3,1,14,8
3,1,15,52
3,1,16,39
3,1,17,38
3,1,18,24
3,1,19,72
3,1,20,63
3,1,21,19
3,1,22,3
3,1,23,97
3,1,24,45
3,1,25,20
3,1,26,83
3,1,27,19
3,1,28,68
3,1,29,34
3,1,30,37
3,1,31,46
3,1,32,14
3,1,33,55
3,1,34,40
3,1,35,60
3,1,36,35
3,1,37,45
3,1,38,38
3,1,39,44
3,1,40,74
3,1,41,63
3,1,42,28
3,1,43,39
3,1,44,35
3,1,45,2
3,1,46,57
3,1,47,75
3,1,48,6
3,1,49,48
3,1,50,12
3,2,1,35
3,2,2,67
3,2,3,16
3,2,4,31
3,2,5,78
3,2,6,2
3,2,7,14
3,2,8,97
3,2,9,70
3,2,10,14
3,2,11,100
3,2,12,82
3,2,13,28
3,2,14,54
3,2,15,89
3,2,16,55
3,2,17,89
3,2,18,33
3,2,19,93
3,2,20,33
3,2,21,6
3,2,22,21
3,2,23,27
3,2,24,11
3,2,25,23
3,2,26,29
3,2,27,69
3,2,28,64
3,2,29,1
3,2,30,16
3,2,31,42
3,2,32,36
3,2,33,49
3,2,34,24
3,2,35,34
3,2,36,26
3,2,37,27
3,2,38,14
3,2,39,89
3,2,40,63
3,2,41,28
3,2,42,88
3,2,43,45
3,2,44,22
3,2,45,41
3,2,46,33
3,2,47,77
3,2,48,96
3,2,49,32
3,2,50,35
3,3,1,95
3,3,2,4
3,3,3,23
3,3,4,21
3,3,5,16
3,3,6,46
3,3,7,16
3,3,8,85
3,3,9,9
3,3,10,17
3,3,11,67
3,3,12,17
3,3,13,20
3,3,14,15
3,3,15,42
3,3,16,54
3,3,17,41
3,3,18,69
3,3,19,68
3,3,20,96
3,3,21,31
3,3,22,62
3,3,23,83
3,3,24,42
3,3,25,84
3,3,26,23
3,3,27,41
3,3,28,27
3,3,29,85
3,3,30,73
3,3,31,62
3,3,32,80
3,3,33,78
3,3,34,85
3,3,35,67
3,3,36,94
3,3,37,97
3,3,38,50
3,3,39,44
3,3,40,5
3,3,41,33
3,3,42,10
3,3,43,90
3,3,44,53
3,3,45,25
3,3,46,31
3,3,47,73
3,3,48,32
3,3,49,100
3,3,50,6
3,4,1,27
3,4,2,97
3,4,3,68
3,4,4,76
3,4,5,39
3,4,6,52
3,4,7,99
3,4,8,80
3,4,9,79
3,4,10,49
3,4,11,53
3,4,12,6
3,4,13,95
3,4,14,97
3,4,15,92
3,4,16,62
3,4,17,90
3,4,18,88
3,4,19,78
3,4,20,100
3,4,21,60
3,4,22,10
3,4,23,9
3,4,24,49
3,4,25,30
3,4,26,0
3,4,27,46
3,4,28,69
3,4,29,99
3,4,30,45
3,4,31,76
3,4,32,92
3,4,33,41
3,4,34,43
3,4,35,67
3,4,36,46
3,4,37,61
3,4,38,31
3,4,39,93
3,4,40,5
3,4,41,80
3,4,42,11
3,4,43,79
3,4,44,75
3,4,45,7
3,4,46,36
3,4,47,2
3,4,48,63
3,4,49,23
3,4,50,80
3,5,1,62
3,5,2,49
3,5,3,56
3,5,4,37
3,5,5,64
3,5,6,52
3,5,7,37
3,5,8,9
3,5,9,21
3,5,10,35
3,5,11,20
3,5,12,97
3,5,13,26
3,5,14,28
3,5,15,5
3,5,16,59
3,5,17,74
3,5,18,33
3,5,19,90
3,5,20,32
3,5,21,4
3,5,22,69
3,5,23,43
3,5,24,83
3,5,25,9
3,5,26,50
3,5,27,18
3,5,28,11
3,5,29,79
3,5,30,8
3,5,31,57
3,5,32,40
3,5,33,23
3,5,34,13
3,5,35,43
3,5,36,54
3,5,37,65
3,5,38,80
3,5,39,29
3,5,40,52
3,5,41,81
3,5,42,50
3,5,43,14
3,5,44,73
3,5,45,78
3,5,46,87
3,5,47,31
3,5,48,17
3,5,49,19
3,5,50,87
3,6,1,50
3,6,2,90
3,6,3,56
3,6,4,93
3,6,5,73
3,6,6,31
3,6,7,9
3,6,8,57
3,6,9,43
3,6,10,88
3,6,11,31
3,6,12,100
3,6,13,95
3,6,14,55
3,6,15,79
3,6,16,37
3,6,17,8
3,6,18,44
3,6,19,84
3,6,20,3
3,6,21,62
3,6,22,64
3,6,23,53
3,6,24,77
3,6,25,3
3,6,26,97
3,6,27,63
3,6,28,0
3,6,29,81
3,6,30,48
3,6,31,88
3,6,32,30
3,6,33,37
3,6,34,9
3,6,35,89
3,6,36,9
3,6,37,40
3,6,38,98
3,6,39,33
3,6,40,49
3,6,41,52
3,6,42,64
3,6,43,15
3,6,44,46
3,6,45,85
3,6,46,94
3,6,47,49
3,6,48,59
3,6,49,3
3,6,50,32
3,7,1,63
3,7,2,66
3,7,3,63
3,7,4,15
3,7,5,42
3,7,6,32
3,7,7,79
3,7,8,4
3,7,9,32
3,7,10,59
3,7,11,52
3,7,12,86
3,7,13,89
3,7,14,55
3,7,15,95
3,7,16,43
3,7,17,65
3,7,18,1
3,7,19,7
3,7,20,64
3,7,21,50
3,7,22,59
3,7,23,27
3,7,24,65
3,7,25,71
3,7,26,12
3,7,27,25
3,7,28,19
3,7,29,37
3,7,30,28
3,7,31,18
3,7,32,100
3,7,33,94
3,7,34,81
3,7,35,15
3,7,36,1
3,7,37,12
3,7,38,94
3,7,39,5
3,7,40,10
3,7,41,52
3,7,42,23
3,7,43,97
3,7,44,6
3,7,45,79
3,7,46,57
3,7,47,49
3,7,48,9
3,7,49,58
3,7,50,22
3,8,1,39
3,8,2,75
3,8,3,81
3,8,4,32
3,8,5,5
3,8,6,17
3,8,7,44
3,8,8,30
3,8,9,3
3,8,10,48
3,8,11,59
3,8,12,21
3,8,13,47
3,8,14,18
3,8,15,68
3,8,16,28
3,8,17,20
3,8,18,46
3,8,19,88
3,8,20,92
3,8,21,56
3,8,22,5
3,8,23,82
3,8,24,18
3,8,25,11
3,8,26,26
3,8,27,76
3,8,28,27
3,8,29,35
3,8,30,100
3,8,31,49
3,8,32,40
3,8,33,40
3,8,34,97
3,8,35,72
3,8,36,12
3,8,37,13
3,8,38,83
3,8,39,42
3,8,40,16
3,8,41,30
3,8,42,67
3,8,43,3
3,8,44,77
3,8,45,52
3,8,46,71
3,8,47,5
3,8,48,72
3,8,49,83
3,8,50,93
3,9,1,29
3,9,2,39
3,9,3,99
3,9,4,10
3,9,5,23
3,9,6,76
3,9,7,36
3,9,8,99
3,9,9,2
3,9,10,37
3,9,11,65
3,9,12,18
3,9,13,77
3,9,14,71
3,9,15,14
3,9,16,49
3,9,17,83
3,9,18,94
3,9,19,31
3,9,20,92
3,9,21,77
3,9,22,61
3,9,23,24
3,9,24,80
3,9,25,3
3,9,26,76
3,9,27,17
3,9,28,75
3,9,29,13
3,9,30,100
3,9,31,68
3,9,32,43
3,9,33,4
3,9,34,32
3,9,35,53
3,9,36,28
3,9,37,7
3,9,38,90
3,9,39,93
3,9,40,77
3,9,41,93
3,9,42,57
3,9,43,61
3,9,44,70
3,9,45,95
3,9,46,75
3,9,47,85
3,9,48,77
3,9,49,34
3,9,50,82
3,10,1,68
3,10,2,10
3,10,3,8
3,10,4,59
3,10,5,57
3,10,6,11
3,10,7,34
3,10,8,74
3,10,9,87
3,10,10,48
3,10,11,73
3,10,12,20
3,10,13,91
3,10,14,44
3,10,15,52
3,10,16,9
3,10,17,72
3,10,18,25
3,10,19,99
3,10,20,64
3,10,21,68
3,10,22,58
3,10,23,88
3,10,24,28
3,10,25,27
3,10,26,82
3,10,27,69
3,10,28,78
3,10,29,24
3,10,30,3
3,10,31,59
3,10,32,59
3,10,33,80
3,10,34,67
3,10,35,17
3,10,36,36
3,10,37,44
3,10,38,51
3,10,39,76
3,10,40,97
3,10,41,65
3,10,42,15
3,10,43,16
3,10,44,55
3,10,45,59
3,10,46,34
3,10,47,65
3,10,48,30
3,10,49,60
3,10,50,29
3,11,1,60
3,11,2,27
3,11,3,87
3,11,4,13
3,11,5,22
3,11,6,80
3,11,7,61
3,11,8,91
3,11,9,23
3,11,10,86
3,11,11,60
3,11,12,82
3,11,13,10
3,11,14,40
3,11,15,14
3,11,16,27
3,11,17,42
3,11,18,59
3,11,19,44
3,11,20,18
3,11,21,55
3,11,22,9
3,11,23,100
3,11,24,38
3,11,25,30
3,11,26,58
3,11,27,72
3,11,28,61
3,11,29,54
3,11,30,31
3,11,31,57
3,11,32,80
3,11,33,25
3,11,34,9
3,11,35,94
3,11,36,13
3,11,37,56
3,11,38,54
3,11,39,3
3,11,40,79
3,11,41,5
3,11,42,64
3,11,43,27
3,11,44,15
3,11,45,70
3,11,46,41
3,11,47,42
3,11,48,78
3,11,49,66
3,11,50,53
3,12,1,62
3,12,2,21
3,12,3,28
3,12,4,61
3,12,5,59
3,12,6,24
3,12,7,85
3,12,8,97
3,12,9,52
3,12,10,38
3,12,11,95
3,12,12,75
3,12,13,18
3,12,14,19
3,12,15,84
3,12,16,78
3,12,17,32
3,12,18,5
3,12,19,31
3,12,20,1
3,12,21,85
3,12,22,37
3,12,23,31
3,12,24,11
3,12,25,52
3,12,26,67
3,12,27,18
3,12,28,61
3,12,29,45
3,12,30,85
3,12,31,80
3,12,32,73
3,12,33,5
3,12,34,7
3,12,35,34
3,12,36,30
3,12,37,31
3,12,38,85
3,12,39,93
3,12,40,49
3,12,41,23
3,12,42,87
3,12,43,23
3,12,44,7
3,12,45,72
3,12,46,74
3,12,47,85
3,12,48,70
3,12,49,79
3,12,50,82
3,13,1,72
3,13,2,29
3,13,3,18
3,13,4,69
3,13,5,6
3,13,6,37
3,13,7,36
3,13,8,25
3,13,9,98
3,13,10,47
3,13,11,9
3,13,12,77
3,13,13,19
3,13,14,81
3,13,15,50
3,13,16,19
3,13,17,10
3,13,18,47
3,13,19,4
3,13,20,2
3,13,21,97
3,13,22,94
3,13,23,56
3,13,24,86
3,13,25,67
3,13,26,27
3,13,27,59
3,13,28,51
3,13,29,98
3,13,30,4
3,13,31,32
3,13,32,69
3,13,33,33
3,13,34,17
3,13,35,3
3,13,36,40
3,13,37,54
3,13,38,39
3,13,39,65
3,13,40,17
3,13,41,52
3,13,42,74
3,13,43,94
3,13,44,72
3,13,45,54
3,13,46,43
3,13,47,57
3,13,48,30
3,13,49,90
3,13,50,27
3,14,1,99
3,14,2,52
3,14,3,20
3,14,4,54
3,14,5,38
3,14,6,87
3,14,7,82
3,14,8,97
3,14,9,3
3,14,10,45
3,14,11,0
3,14,12,2
3,14,13,80
3,14,14,0
3,14,15,19
3,14,16,83
3,14,17,40
3,14,18,39
3,14,19,89
3,14,20,71
3,14,21,56
3,14,22,40
3,14,23,10
3,14,24,49
3,14,25,78
3,14,26,64
3,14,27,58
3,14,28,35
3,14,29,60
3,14,30,13
3,14,31,62
3,14,32,24
3,14,33,66
3,14,34,49
3,14,35,79
3,14,36,70
3,14,37,35
3,14,38,26
3,14,39,66
3,14,40,5
3,14,41,71
3,14,42,33
3,14,43,7
3,14,44,50
3,14,45,33
3,14,46,93
3,14,47,99
3,14,48,39
3,14,49,31
3,14,50,87
3,15,1,9
3,15,2,53
3,15,3,27
3,15,4,19
3,15,5,1
3,15,6,4
3,15,7,49
3,15,8,25
3,15,9,5
3,15,10,75
3,15,11,38
3,15,12,34
3,15,13,99
3,15,14,70
3,15,15,83
3,15,16,43
3,15,17,39
3,15,18,84
3,15,19,69
3,15,20,72
3,15,21,89
3,15,22,5
3,15,23,71
3,15,24,62
3,15,25,21
3,15,26,3
3,15,27,54
3,15,28,20
3,15,29,42
3,15,30,51
3,15,31,73
3,15,32,17
3,15,33,3
3,15,34,66
3,15,35,36
3,15,36,71
3,15,37,71
3,15,38,51
3,15,39,62
3,15,40,42
3,15,41,25
3,15,42,67
3,15,43,76
3,15,44,23
3,15,45,36
3,15,46,58
3,15,47,67
3,15,48,42
3,15,49,8
3,15,50,1
3,16,1,13
3,16,2,97
3,16,3,74
3,16,4,84
3,16,5,59
3,16,6,61
3,16,7,53
3,16,8,79
3,16,9,81
3,16,10,61
3,16,11,97
3,16,12,20
3,16,13,44
3,16,14,66
3,16,15,86
3,16,16,46
3,16,17,3
3,16,18,22
3,16,19,97
3,16,20,65
3,16,21,65
3,16,22,21
3,16,23,31
3,16,24,6
3,16,25,10
3,16,26,34
3,16,27,31
3,16,28,43
3,16,29,42
3,16,30,39
3,16,31,45
3,16,32,21
3,16,33,1
3,16,34,85
3,16,35,71
3,16,36,26
3,16,37,45
3,16,38,23
3,16,39,72
3,16,40,93
3,16,41,50
3,16,42,68
3,16,43,12
3,16,44,94
3,16,45,100
3,16,46,98
3,16,47,39
3,16,48,69
3,16,49,20
3,16,50,1
3,17,1,34
3,17,2,51
3,17,3,22
3,17,4,31
3,17,5,23
3,17,6,99
3,17,7,31
3,17,8,54
3,17,9,42
3,17,10,73
3,17,11,93
3,17,12,53
3,17,13,60
3,17,14,61
3,17,15,37
3,17,16,30
3,17,17,87
3,17,18,82
3,17,19,19
3,17,20,58
3,17,21,74
3,17,22,69
3,17,23,92
3,17,24,52
3,17,25,28
3,17,26,92
3,17,27,16
3,17,28,33
3,17,29,60
3,17,30,2
3,17,31,34
3,17,32,60
3,17,33,53
3,17,34,22
3,17,35,58
3,17,36,76
3,17,37,21
3,17,38,55
3,17,39,97
3,17,40,29
3,17,41,95
3,17,42,55
3,17,43,82
3,17,44,54
3,17,45,15
3,17,46,18
3,17,47,85
3,17,48,2
3,17,49,66
3,17,50,3
3,18,1,60
3,18,2,6
3,18,3,39
3,18,4,52
3,18,5,58
3,18,6,33
3,18,7,9
3,18,8,40
3,18,9,33
3,18,10,69
3,18,11,42
3,18,12,67
3,18,13,96
3,18,14,95
3,18,15,56
3,18,16,53
3,18,17,37
3,18,18,77
3,18,19,7
3,18,20,33
3,18,21,72
3,18,22,1
3,18,23,88
3,18,24,53
3,18,25,56
3,18,26,70
3,18,27,37
3,18,28,6
3,18,29,72
3,18,30,69
3,18,31,76
3,18,32,31
3,18,33,75
3,18,34,81
3,18,35,49
3,18,36,100
3,18,37,81
3,18,38,58
3,18,39,39
3,18,40,13
3,18,41,94
3,18,42,82
3,18,43,46
3,18,44,89
3,18,45,42
3,18,46,1
3,18,47,7
3,18,48,45
3,18,49,44
3,18,50,81
3,19,1,44
3,19,2,15
3,19,3,83
3,19,4,32
3,19,5,34
3,19,6,4
3,19,7,1
3,19,8,71
3,19,9,77
3,19,10,39
3,19,11,6
3,19,12,52
3,19,13,36
3,19,14,81
3,19,15,100
3,19,16,86
3,19,17,46
3,19,18,80
3,19,19,9
3,19,20,52
3,19,21,93
3,19,22,2
3,19,23,100
3,19,24,38
3,19,25,57
3,19,26,7
3,19,27,6
3,19,28,64
3,19,29,53
3,19,30,50
3,19,31,45
3,19,32,97
3,19,33,32
3,19,34,94
3,19,35,95
3,19,36,66
3,19,37,98
3,19,38,62
3,19,39,37
3,19,40,74
3,19,41,0
3,19,42,43
3,19,43,92
3,19,44,37
3,19,45,90
3,19,46,57
3,19,47,89
3,19,48,2
3,19,49,36
3,19,50,98
3,20,1,20
3,20,2,95
3,20,3,67
3,20,4,19
3,20,5,100
3,20,6,23
3,20,7,93
3,20,8,5
3,20,9,88
3,20,10,11
3,20,11,55
3,20,12,32
3,20,13,8
3,20,14,87
3,20,15,25
3,20,16,69
3,20,17,19
3,20,18,89
3,20,19,31
3,20,20,56
3,20,21,28
3,20,22,98
3,20,23,65
3,20,24,86
3,20,25,0
3,20,26,20
3,20,27,43
3,20,28,89
3,20,29,89
3,20,30,79
3,20,31,53
3,20,32,8
3,20,33,74
3,20,34,19
3,20,35,94
3,20,36,39
3,20,37,42
3,20,38,87
3,20,39,44
3,20,40,96
3,20,41,98
3,20,42,65
3,20,43,27
3,20,44,72
3,20,45,18
3,20,46,18
3,20,47,41
3,20,48,37
3,20,49,73
3,20,50,38
3,21,1,59
3,21,2,0
3,21,3,1
3,21,4,90
3,21,5,87
3,21,6,2
3,21,7,9
3,21,8,96
3,21,9,57
3,21,10,99
3,21,11,74
3,21,12,76
3,21,13,73
3,21,14,13
3,21,15,95
3,21,16,67
3,21,17,52
3,21,18,3
3,21,19,53
3,21,20,62
3,21,21,99
3,21,22,16
3,21,23,27
3,21,24,93
3,21,25,55
3,21,26,11
3,21,27,77
3,21,28,96
3,21,29,14
3,21,30,50
3,21,31,100
3,21,32,73
3,21,33,16
3,21,34,0
3,21,35,62
3,21,36,69
3,21,37,69
3,21,38,37
3,21,39,64
3,21,40,93
3,21,41,1
3,21,42,4
3,21,43,68
3,21,44,75
3,21,45,84
3,21,46,29
3,21,47,41
3,21,48,2
3,21,49,32
3,21,50,60
3,22,1,64
3,22,2,97
3,22,3,76
3,22,4,57
3,22,5,55
3,22,6,97
3,22,7,34
3,22,8,99
3,22,9,58
3,22,10,48
3,22,11,14
3,22,12,57
3,22,13,20
3,22,14,97
3,22,15,24
3,22,16,48
3,22,17,66
3,22,18,93
3,22,19,86
3,22,20,96
3,22,21,85
3,22,22,87
3,22,23,100
3,22,24,19
3,22,25,61
3,22,26,50
3,22,27,48
3,22,28,68
3,22,29,52
3,22,30,46
3,22,31,27
3,22,32,82
3,22,33,8
3,22,34,70
3,22,35,39
3,22,36,64
3,22,37,66
3,22,38,73
3,22,39,28
3,22,40,24
3,22,41,88
3,22,42,42
3,22,43,47
3,22,44,7
3,22,45,38
3,22,46,71
3,22,47,22
3,22,48,70
3,22,49,30
3,22,50,74
3,23,1,66
3,23,2,81
3,23,3,26
3,23,4,31
3,23,5,100
3,23,6,54
3,23,7,81
3,23,8,47
3,23,9,21
3,23,10,99
3,23,11,93
3,23,12,15
3,23,13,81
3,23,14,68
3,23,15,85
3,23,16,86
3,23,17,98
3,23,18,16
3,23,19,58
3,23,20,25
3,23,21,6
3,23,22,11
3,23,23,33
3,23,24,54
3,23,25,86
3,23,26,37
3,23,27,91
3,23,28,7
3,23,29,7
3,23,30,87
3,23,31,81
3,23,32,39
3,23,33,68
3,23,34,6
3,23,35,70
3,23,36,33
3,23,37,60
3,23,38,17
3,23,39,47
3,23,40,48
3,23,41,15
3,23,42,5
3,23,43,63
3,23,44,62
3,23,45,73
3,23,46,13
3,23,47,47
3,23,48,70
3,23,49,29
3,23,50,72
